{
    "palm_point": [129.25213641879438, 126.80307346739113],
    "fingers": [
    {
        "length": 70.68855290699182,
        "start": [70.98611479744488, 105.54567004885828],
        "angle_from_pp": 71.09980384087652,
        "tip": [3.347957634188525, 85.00421908639672],
        "label": "middle",
        "point": [37.16703621581671, 95.2749445676275]
    },
    {
        "length": 74.84811054341897,
        "start": [81.83802480749131, 150.99729375249368],
        "angle_from_pp": 102.335149333069,
        "tip": [7.875158472251464, 139.5197480481494],
        "label": "pinky",
        "point": [44.85659163987138, 145.25852090032154]
    },
    {
        "length": 91.20400560813123,
        "start": [86.62698073779868, 63.213365311384436],
        "angle_from_pp": 41.84620437794287,
        "tip": [11.574088780917897, 11.394121319631608],
        "label": "index",
        "point": [49.10053475935829, 37.30374331550802]
    }],
    "label": "three"
}