{
    "palm_point": [138.3336223583166, 113.89053138682381],
    "fingers": [
    {
        "length": 77.07910430315498,
        "start": [79.30499461227515, 108.63917252249949],
        "angle_from_pp": 85.34951823338876,
        "tip": [2.412165812543172, 103.28368941154186],
        "label": "ring",
        "point": [40.858580212409166, 105.96143096702068]
    },
    {
        "length": 87.2801398970159,
        "start": [88.67929526626274, 60.87363926425981],
        "angle_from_pp": 48.664974778390516,
        "tip": [14.731613824646345, 14.510256839636295],
        "label": "index",
        "point": [51.70545454545454, 37.69194805194805]
    }],
    "label": "v"
}