{
    "palm_point": [132.05199686366666, 124.86243900046613],
    "fingers": [
    {
        "length": 92.37170356802744,
        "tip": [21.754108934773853, 9.141539945665063],
        "point": [58.74342105263158, 36.79879385964912],
        "start": [95.73273317048931, 64.45604777363319],
        "label": "thumb",
        "angle_from_pp": 39.77568701923243
    },
    {
        "length": 71.49511909785294,
        "tip": [4.037004894277665, 89.0395452403978],
        "point": [39.07719298245614, 96.1157894736842],
        "start": [74.11738107063462, 103.1920337069706],
        "label": "middle",
        "angle_from_pp": 72.81904356647001
    },
    {
        "length": 53.78183602616368,
        "tip": [20.96543999463666, 140.11399138647914],
        "point": [47.34722222222222, 145.3219696969697],
        "start": [73.72900444980777, 150.52994800746023],
        "label": "ring",
        "angle_from_pp": 103.57909529957345
    },
    {
        "length": 43.62529520679306,
        "tip": [46.450482816160275, 188.48633055070943],
        "point": [68.25811965811965, 188.95384615384614],
        "start": [90.06575650007903, 189.42136175698286],
        "label": "pinky",
        "angle_from_pp": 135.13330055617848
    }],
    "label": "four"
}