{
    "palm_point": [133.16930457410763, 127.41248751393084],
    "fingers": [
    {
        "length": 79.2955053444429,
        "start": [79.94984196790342, 106.26961141469604],
        "angle_from_pp": 71.14004898982314,
        "tip": [3.2865449635507673, 86.00841549113355],
        "label": "middle",
        "point": [41.618193465727096, 96.1390134529148]
    },
    {
        "length": 73.42514405510991,
        "start": [82.06426988938675, 147.7776943163792],
        "angle_from_pp": 97.57570769916296,
        "tip": [10.794046332379168, 130.11963627910336],
        "label": "pinky",
        "point": [46.42915811088296, 138.9486652977413]
    },
    {
        "length": 94.00462090887795,
        "start": [91.89309057884873, 65.80336909585031],
        "angle_from_pp": 41.46582117677356,
        "tip": [16.246878316952213, 9.995490416850576],
        "label": "index",
        "point": [54.06998444790047, 37.89942975635044]
    }],
    "label": "three"
}