{
    "palm_point": [132.59930629789648, 121.1169916834516],
    "fingers": [
    {
        "length": 94.83342702438763,
        "start": [83.55749961274114, 65.13354521978147],
        "angle_from_pp": 47.21635107767715,
        "tip": [4.33495126626611, 13.007095938439825],
        "label": "index",
        "point": [43.94622543950362, 39.07032057911065]
    }],
    "label": "point"
}