{
    "palm_point": [134.05091775491508, 121.71851600522736],
    "fingers": [
    {
        "length": 103.1897636104013,
        "start": [89.22142304482391, 70.77139794558997],
        "angle_from_pp": 47.44793440355488,
        "tip": [4.194423181148906, 12.303144951737728],
        "label": "index",
        "point": [46.70792311298641, 41.53727144866385]
    }],
    "label": "point"
}