{
    "palm_point": [138.56128747342555, 116.49691011194182],
    "fingers": [
    {
        "tip": [2.08318149722259, 127.80947553325504],
        "length": 83.67237266860846,
        "point": [42.6979274611399, 117.7740932642487],
        "angle_from_pp": 90.76330388446429,
        "label": "ring",
        "start": [83.3126734250572, 107.73871099524237]
    },
    {
        "tip": [13.806437339580846, 13.12069109767475],
        "length": 95.73946875741746,
        "point": [53.74493731918997, 39.5106075216972],
        "angle_from_pp": 47.77052913953629,
        "label": "index",
        "start": [93.6834372987991, 65.90052394571966]
    }],
    "label": "v"
}