{
    "palm_point": [118.27101792096748, 124.59456894760552],
    "fingers": [
    {
        "length": 90.01280963987199,
        "tip": [22.624937198910395, 7.570017102327547],
        "point": [57.73665048543689, 35.72572815533981],
        "start": [92.84836377196339, 63.88143920835207],
        "label": "thumb",
        "angle_from_pp": 34.26133161982867
    },
    {
        "length": 74.48307762643525,
        "tip": [2.314515289059763, 70.96741097499878],
        "point": [37.216459197786996, 83.95919778699862],
        "start": [72.11840310651422, 96.95098459899845],
        "label": "index",
        "angle_from_pp": 63.37385516184119
    },
    {
        "length": 57.69900527282976,
        "tip": [9.525366666593222, 134.81268961003613],
        "point": [38.1295746785361, 138.56676557863503],
        "start": [66.73378269047899, 142.32084154723393],
        "label": "ring",
        "angle_from_pp": 99.88978397715212
    },
    {
        "length": 40.31421099107995,
        "tip": [35.56634708587127, 179.51459963233688],
        "point": [55.51215805471125, 182.4255319148936],
        "start": [75.45796902355123, 185.33646419745034],
        "label": "pinky",
        "angle_from_pp": 132.65991294650942
    }],
    "label": "four"
}