{
    "palm_point": [130.13493169560604, 102.010371021769],
    "fingers": [
    {
        "length": 89.48990287807416,
        "start": [84.79627339863583, 49.98750278471377],
        "angle_from_pp": 50.30907731642092,
        "tip": [3.9292860831074066, 11.660318181128392],
        "label": "index",
        "point": [44.362779740871616, 30.823910482921082]
    },
    {
        "length": 59.836955601063394,
        "start": [93.67104118820956, 164.94414201859362],
        "angle_from_pp": 139.24514889300565,
        "tip": [38.389828377007824, 187.84498841618895],
        "label": "pinky",
        "point": [66.0304347826087, 176.3945652173913]
    }],
    "label": "rock"
}