{
    "palm_point": [128.3035393822187, 100.01217198623588],
    "fingers": [
    {
        "tip": [2.630047076459334, 12.628735988246873],
        "length": 89.17053978188099,
        "point": [43.48119402985075, 30.490149253731342],
        "angle_from_pp": 50.66129591442963,
        "label": "index",
        "start": [84.33234098324216, 48.35156251921581]
    },
    {
        "tip": [37.973843589073674, 188.70059807649238],
        "length": 61.58047924496634,
        "point": [65.51821862348179, 174.9402834008097],
        "angle_from_pp": 140.03898547863977,
        "label": "pinky",
        "start": [93.06259365788989, 161.17996872512703]
    }],
    "label": "rock"
}