{
    "palm_point": [129.17172362656743, 126.99634790110208],
    "fingers": [
    {
        "tip": [18.230973104358576, 10.84050605544314],
        "length": 89.95073600887073,
        "point": [54.96384872080089, 36.79199110122358],
        "angle_from_pp": 39.44290031834404,
        "label": "thumb",
        "start": [91.69672433724321, 62.74347614700402]
    },
    {
        "tip": [3.5438543129470617, 81.98881228500193],
        "length": 70.72374026933733,
        "point": [37.5, 91.86008522727272],
        "angle_from_pp": 69.02899409464496,
        "label": "index",
        "start": [71.45614568705294, 101.73135816954351]
    },
    {
        "tip": [11.562649667111494, 132.94586090514233],
        "length": 64.44650425487959,
        "point": [42.95772482705611, 140.2044581091468],
        "angle_from_pp": 98.71007441546166,
        "label": "pinky",
        "start": [74.35279998700074, 147.46305531315127]
    }],
    "label": "three"
}