{
    "palm_point": [132.8378874253257, 119.0745930408073],
    "fingers": [
    {
        "length": 93.88108669070712,
        "tip": [3.9955714429571216, 12.761235216641662],
        "point": [44.21074168797954, 36.971867007672635],
        "start": [84.42591193300197, 61.182498798703605],
        "label": "index",
        "angle_from_pp": 47.18848579211983
    }],
    "label": "point"
}