{
    "palm_point": [127.70269627905897, 109.48947689450479],
    "fingers": [
    {
        "length": 77.1433327970001,
        "start": [77.22081097087164, 87.10712316097707],
        "angle_from_pp": 69.66788138314331,
        "tip": [2.7778210400722756, 66.87509298129379],
        "label": "middle",
        "point": [39.999316005471954, 76.99110807113543]
    },
    {
        "length": 63.28739225394424,
        "start": [77.11525237830168, 131.28012662011196],
        "angle_from_pp": 104.45771507942047,
        "tip": [13.838876062065292, 130.0993562823067],
        "label": "ring",
        "point": [45.477064220183486, 130.68974145120933]
    },
    {
        "length": 85.13280980620337,
        "start": [92.21303787121789, 49.58632539641448],
        "angle_from_pp": 42.427486288988334,
        "tip": [17.086835063979052, 9.54073940663508],
        "label": "index",
        "point": [54.64993646759847, 29.56353240152478]
    },
    {
        "length": 51.74629300241817,
        "start": [95.52504779873824, 169.34101324443355],
        "angle_from_pp": 140.66817347272638,
        "tip": [47.02078992518169, 187.3692080411302],
        "label": "pinky",
        "point": [71.27291886195997, 178.35511064278188]
    }],
    "label": "four"
}