{
    "palm_point": [133.34759925768424, 120.6249953783809],
    "fingers": [
    {
        "length": 95.29366943202774,
        "tip": [2.90000797517952, 13.260008019249188],
        "point": [44.3257762444554, 36.79990142927551],
        "start": [85.75154451373128, 60.33979483930183],
        "label": "index",
        "angle_from_pp": 46.72210752051873
    }],
    "label": "point"
}