{
    "palm_point": [120.39059643389794, 106.98500773393303],
    "fingers": [
    {
        "length": 61.50645369113412,
        "start": [64.40452726603303, 83.86691006762558],
        "angle_from_pp": 72.34189262816841,
        "tip": [3.5290221667060315, 75.07960532945708],
        "label": "middle",
        "point": [33.96677471636953, 79.47325769854133]
    },
    {
        "length": 47.972901371145724,
        "start": [63.78371166688611, 134.16603632948923],
        "angle_from_pp": 108.0483084645125,
        "tip": [15.846520891253427, 132.315359019348],
        "label": "ring",
        "point": [39.81511627906977, 133.2406976744186]
    },
    {
        "length": 73.79896833329173,
        "start": [85.1191983961618, 40.83982525456205],
        "angle_from_pp": 41.05889302263019,
        "tip": [16.583190682336486, 13.470072356359454],
        "label": "index",
        "point": [50.85119453924915, 27.15494880546075]
    },
    {
        "length": 35.650248773479476,
        "start": [83.47544222817825, 178.19242051644687],
        "angle_from_pp": 143.63220914611736,
        "tip": [48.27497374519944, 183.83752956674778],
        "label": "pinky",
        "point": [65.87520798668885, 181.01497504159732]
    }],
    "label": "four"
}