{
    "palm_point": [127.53656761418452, 102.83920763198535],
    "fingers": [
    {
        "length": 88.45021717172243,
        "tip": [3.644078529771157, 12.446265605876409],
        "point": [43.34790313053751, 31.92616656822209],
        "start": [83.05172773130386, 51.40606753056777],
        "label": "index",
        "angle_from_pp": 49.89219505616184
    },
    {
        "length": 56.160621600704886,
        "tip": [40.74932296649175, 188.53261318465871],
        "point": [65.87889273356402, 176.00230680507497],
        "start": [91.00846250063628, 163.47200042549122],
        "label": "pinky",
        "angle_from_pp": 139.8777270095866
    }],
    "label": "rock"
}