{
    "palm_point": [130.77322172992822, 112.02617305459697],
    "fingers": [
    {
        "tip": [2.1768792442391387, 108.5708441536338],
        "length": 77.28035654468637,
        "point": [40.617931737137035, 104.65308201732043],
        "angle_from_pp": 85.32463441294726,
        "label": "ring",
        "start": [79.05898423003492, 100.73531988100706]
    },
    {
        "tip": [10.107911446538807, 16.355268388765758],
        "length": 86.85463216368257,
        "point": [49.87745332695069, 33.79990426041168],
        "angle_from_pp": 45.96112843215082,
        "label": "index",
        "start": [89.64699520736258, 51.2445401320576]
    }],
    "label": "v"
}